"myAUC","avg_diff","power","avg_log2FC","pct.1","pct.2","cluster","gene"
0.952,2.43819513970815,0.904,3.51959359812742,1,0.689,"0","STMN2"
0.945,2.19867769590757,0.89,3.17403447990307,1,0.954,"0","DCX"
0.942,2.00282702038012,0.884,2.89334039590321,1,0.928,"0","MLLT11"
0.933,2.20464855788984,0.866,3.18129838894802,1,1,"0","SOX4"
0.916,2.2264471039564,0.832,3.21774188155054,0.935,0.367,"0","MYT1L"
0.903,2.04106353569858,0.806,2.9668268307952,1,0.805,"0","KIF5A"
0.898,2.72804000598595,0.796,3.94330155961599,0.961,0.529,"0","GAP43"
0.893,2.71968078102414,0.786,3.97361893042926,0.883,0.186,"0","HMP19"
0.89,2.14219537827251,0.78,3.09960993535054,0.922,0.325,"0","NRXN1"
0.884,2.83074518703028,0.768,4.09086182009533,0.909,0.422,"0","RTN1"
0.934,1.88923148517921,0.868,2.75953136123313,1,0.716,"1","RPL41P2"
0.903,1.05280544297752,0.806,1.97628279323684,1,0.702,"1","HNRNPA1P8"
0.9,1.44001407874166,0.8,2.16452576909846,1,0.959,"1","TUBAP2"
0.896,1.05736248958929,0.792,1.87296235986163,1,0.845,"1","HNRNPA1P4"
0.894,0.866067437214537,0.788,1.89044869433559,1,0.725,"1","EEF1A1P12"
0.885,0.831994331898861,0.77,1.50076090501256,0.985,0.575,"1","RPS3AP25"
0.885,0.905451011526927,0.77,1.3278246494993,1,0.945,"1","AC004069.2"
0.876,1.28267291461207,0.752,1.9424276994764,1,0.793,"1","RP11-203F10.6"
0.875,1.47867040142689,0.75,2.61842637165701,0.912,0.205,"1","RPS20P35"
0.874,1.17793820683427,0.748,1.77114382584418,1,0.616,"1","MTRNR2L1"
0.867,1.2803532404816,0.734,1.88382267489802,0.968,0.357,"2","LRP2"
0.867,1.1836575188773,0.734,1.76427560348311,1,0.973,"2","PTMAP5"
0.853,1.58372266288243,0.706,2.28714405017029,1,0.69,"2","BCAT1"
0.852,1.36688009806737,0.704,1.97322193603218,1,0.874,"2","RBBP7"
0.849,0.963385912762665,0.698,2.53427419397278,0.937,0.378,"2","HSP90AB2P"
0.848,1.17857327679436,0.696,1.7004040233624,1,0.989,"2","H2AFZ"
0.848,1.76808932732311,0.696,2.55103267462342,1,0.933,"2","SNRPE"
0.847,1.29906773203728,0.694,1.87516671515164,1,0.901,"2","SMS"
0.846,0.926450672542242,0.692,1.34152989580676,1,0.975,"2","RPL21P119"
0.842,1.54631771292351,0.684,2.23157588831871,1,0.973,"2","PTGES3"
0.995,7.29427196504672,0.99,10.6904856578234,1,0.285,"3","COL3A1"
0.995,4.96891563665614,0.99,7.20247962153155,1,0.069,"3","S100A11"
0.989,7.30272411950846,0.978,10.5757377972913,1,0.257,"3","DCN"
0.981,6.21038442602001,0.962,8.96806437502184,1,0.363,"3","LUM"
0.977,5.47905154271201,0.954,7.95657339285265,0.982,0.131,"3","MFAP4"
0.977,7.82619606267811,0.954,12.3831948221418,0.982,0.131,"3","POSTN"
0.976,4.3517169520044,0.952,6.29525977681715,0.982,0.279,"3","COL1A2"
0.972,5.78997584902952,0.944,8.6269838693465,0.982,0.361,"3","COL1A1"
0.964,3.46880183853317,0.928,5.13960849709609,0.982,0.168,"3","DDR2"
0.96,4.02205039151389,0.92,6.24934801483632,0.964,0.131,"3","BNC2"
0.79,1.56911932027552,0.58,2.26463266671284,0.944,0.769,"4","FABP7"
0.779,1.35203892157115,0.558,1.96193593668885,0.963,0.808,"4","GLI3"
0.765,1.54989034507852,0.53,2.23950986080045,0.944,0.714,"4","CREB5"
0.753,1.34867541208071,0.506,1.94592806342542,0.852,0.67,"4","C1orf61"
0.746,1.3211183865715,0.492,1.90972259312517,0.963,0.782,"4","SFRP1"
0.745,0.641436228164742,0.49,0.996594615538315,1,0.998,"4","FRMD6-AS1"
0.743,1.68708072007822,0.486,2.44051055240135,0.722,0.355,"4","IFI44L"
0.738,1.56099236464965,0.476,2.25458981789964,0.852,0.593,"4","SLC1A3"
0.735,1.24869554314837,0.47,1.80438436946061,1,0.998,"4","SYNE2"
0.726,0.707444849294546,0.452,1.02131010484456,0.889,0.725,"4","NFIB"
0.726,0.940607535833658,0.452,1.36793847419386,0.926,0.661,"4","FOXG1"
0.929,2.16735015036681,0.858,3.12775144779884,1,0.755,"5","NUSAP1"
0.898,1.73688374255511,0.796,2.51118701729755,1,0.721,"5","MKI67"
0.892,1.96063499151993,0.784,2.83431805532609,1,0.576,"5","TPX2"
0.889,1.73980172753245,0.778,2.51186295702121,1,0.831,"5","BIRC5"
0.885,1.99146865116485,0.77,2.87366143259863,1,0.732,"5","PTTG1"
0.884,1.67532346767663,0.768,2.41731681375985,1,0.848,"5","CKS2"
0.884,1.59925362762864,0.768,2.30757075426035,1,0.587,"5","UBE2C"
0.882,1.42138496414811,0.764,2.05082185270818,1,0.885,"5","HMGB2"
0.88,1.96395193630517,0.76,2.84244136605678,1,0.693,"5","ASPM"
0.879,1.65678151698965,0.758,2.6163283645914,0.978,0.429,"5","IQGAP3"
0.866,3.64160571108149,0.732,5.30225377586312,0.867,0.235,"6","RSPO3"
0.812,4.58123072924134,0.624,6.65169103288754,0.711,0.184,"6","RSPO2"
0.799,1.32978971426673,0.598,1.91972015431633,0.933,0.592,"6","DDIT3"
0.793,2.4119601351251,0.586,3.51833490199643,0.8,0.348,"6","TPBG"
0.785,2.2438983537485,0.57,3.26091403470728,0.889,0.557,"6","NTRK2"
0.782,1.48517229806984,0.564,2.14299432887872,0.978,0.827,"6","CLU"
0.78,2.04213950228363,0.56,2.96208145018225,0.822,0.404,"6","WLS"
0.777,2.94556026014217,0.554,4.31284527962104,0.733,0.322,"6","ADCY2"
0.773,0.929696210062873,0.546,2.47177380190211,0.867,0.577,"6","RP11-39C10.1"
0.771,1.17605124143798,0.542,1.69915683926428,0.978,0.739,"6","ZIC2"
0.826,1.64929621092441,0.652,2.38615069817154,0.9,0.393,"7","OTX2"
0.818,1.68683421613237,0.636,2.43369279925185,1,0.931,"7","CKB"
0.813,1.23922744987881,0.626,1.78796058629178,1,1,"7","CH507-513H4.5"
0.81,1.7448848157815,0.62,2.51928156131422,1,0.912,"7","TUBB3.1"
0.794,2.09469460517774,0.588,3.03373420781466,0.967,0.69,"7","LPHN2"
0.791,1.12263192546278,0.582,1.61968398146618,1,1,"7","CH507-513H4.6"
0.79,1.11691560853941,0.58,1.61144030741826,1,1,"7","CH507-513H4.3"
0.788,1.18076695280483,0.576,1.70355835623335,1,1,"7","CH507-513H4.4"
0.775,0.192353028689857,0.55,1.51224074822759,0.8,0.337,"7","TUBB3"
0.769,2.72182448599013,0.538,3.94258301211656,0.933,0.81,"7","CTD-2328D6.1"
0.843,1.8525576164983,0.686,2.68593238698791,0.931,0.482,"8","S1PR1"
0.829,1.0696347336991,0.658,1.54331001800242,1,0.67,"8","C1orf61"
0.816,1.08687312642622,0.632,1.57039674249839,0.966,0.724,"8","CREB5"
0.81,1.2469506787736,0.62,1.80791891739477,0.966,0.628,"8","LRIG1"
0.798,0.962833056529039,0.596,1.39284064739807,0.862,0.365,"8","IFI44L"
0.794,1.41301452670434,0.588,2.03977860256361,1,0.837,"8","MCM7"
0.787,0.932535421805784,0.574,1.3495920247294,1,0.81,"8","ID4"
0.785,1.32267948625523,0.57,1.91265588874107,1,0.62,"8","MCM4"
0.785,0.83874174686964,0.57,1.21204309746285,1,0.787,"8","SOX5"
0.782,0.641367275077393,0.564,0.928749143405485,0.966,0.53,"8","HEY1"
0.863,0.735997786842014,0.726,1.56372025215319,1,0.749,"9","EEF1A1P12"
0.843,0.985713937235879,0.686,1.42830053819834,1,0.805,"9","RP11-175B9.3"
0.843,0.395714814539436,0.686,1.94731689082266,0.962,0.436,"9","EEF1A1P14"
0.839,1.03329673537361,0.678,1.50702324104552,1,0.741,"9","RPL41P2"
0.838,0.97172399248481,0.676,1.46847849322245,1,0.824,"9","RP11-492M23.2"
0.834,0.874011390957138,0.668,1.27039153069906,1,0.977,"9","RP11-50D9.1"
0.832,0.892079352141687,0.664,1.30865043013279,1,0.977,"9","RPL7P23"
0.831,0.878146650482924,0.662,1.42414678123728,1,0.79,"9","RPL3P2"
0.831,0.248805136796881,0.662,0.377760982034524,1,0.938,"9","AC097523.1"
0.83,0.55605301681209,0.66,0.848834778038721,1,0.84,"9","RP11-592N21.1"
0.851,0.360786543929666,0.702,1.09701153629269,0.929,1,"10","CTA-414D7.1"
0.847,0.680045415936605,0.694,1.32892259360257,0.929,0.998,"10","RP11-461F11.2"
0.838,0.851774125445131,0.676,1.31233701918694,0.929,1,"10","FRMD6-AS1"
0.806,0.860847673443266,0.612,1.24269289146961,1,0.735,"10","NFIB"
0.801,0.64143377152471,0.602,0.95535862197669,0.929,1,"10","LINC01116"
0.788,4.04903938006196,0.576,6.11166130933686,0.929,1,"10","CHST12"
0.785,1.21109346057343,0.57,1.84479009800158,1,1,"10","RP11-331G2.6"
0.779,1.60502867935332,0.558,2.31615171895563,1,0.988,"10","LUC7L3"
0.775,0.613038540094626,0.55,1.74846413037504,0.929,0.883,"10","C19orf35"
0.772,0.32199381078303,0.544,0.849699613263234,0.929,1,"10","AC010096.1"
